signal_time,entry_time,exit_time,side,qty,entry_price,exit_price,pnl,reason
2026-09-14 09:12:00+00:00,2026-09-14 09:15:00+00:00,2026-09-14 09:15:00+00:00,short,6.0,4305.735,4300.735,29.16,tp1
2026-09-14 09:12:00+00:00,2026-09-14 09:15:00+00:00,2026-09-14 09:18:00+00:00,short,4.0,4305.735,4297.276020771313,33.27591691474794,tp2
2026-09-14 12:21:00+00:00,2026-09-14 12:24:00+00:00,2026-09-14 12:27:00+00:00,short,6.0,4286.425,4285.895,2.339999999998472,stop
2026-09-14 12:21:00+00:00,2026-09-14 12:24:00+00:00,2026-09-14 12:27:00+00:00,short,4.0,4286.425,4285.895,1.5599999999989813,stop
2026-09-14 18:36:00+00:00,2026-09-14 18:39:00+00:00,2026-09-14 18:45:00+00:00,long,6.0,4312.448,4308.702736319369,-23.311582083786416,stop
2026-09-14 18:36:00+00:00,2026-09-14 18:39:00+00:00,2026-09-14 18:45:00+00:00,long,4.0,4312.448,4308.702736319369,-15.541054722524278,stop
2026-09-16 00:54:00+00:00,2026-09-16 00:57:00+00:00,2026-09-16 01:00:00+00:00,short,6.0,4277.045,4280.496177818717,-21.547066912302252,stop
2026-09-16 00:54:00+00:00,2026-09-16 00:57:00+00:00,2026-09-16 01:00:00+00:00,short,4.0,4277.045,4280.496177818717,-14.364711274868169,stop
2026-09-16 07:00:00+00:00,2026-09-16 07:03:00+00:00,2026-09-16 07:18:00+00:00,long,6.0,4333.475,4333.975,2.16,stop
2026-09-16 07:00:00+00:00,2026-09-16 07:03:00+00:00,2026-09-16 07:18:00+00:00,long,4.0,4333.475,4333.975,1.44,stop
2026-09-16 14:48:00+00:00,2026-09-16 14:51:00+00:00,2026-09-16 15:00:00+00:00,long,6.0,4352.905,4353.365,1.9200000000002182,stop
2026-09-16 14:48:00+00:00,2026-09-16 14:51:00+00:00,2026-09-16 15:00:00+00:00,long,4.0,4352.905,4353.365,1.2800000000001455,stop
2026-09-16 17:54:00+00:00,2026-09-16 17:57:00+00:00,2026-09-16 17:57:00+00:00,long,6.0,4350.495,4355.495,29.16,tp1
2026-09-16 17:54:00+00:00,2026-09-16 17:57:00+00:00,2026-09-16 17:57:00+00:00,long,4.0,4350.495,4357.21973332735,26.338933309399582,tp2
2026-09-17 13:18:00+00:00,2026-09-17 13:21:00+00:00,2026-09-17 13:24:00+00:00,long,6.0,4373.315,4366.455,-41.99999999999804,stop
2026-09-17 13:18:00+00:00,2026-09-17 13:21:00+00:00,2026-09-17 13:24:00+00:00,long,4.0,4373.315,4366.455,-27.99999999999869,stop
2026-09-17 13:48:00+00:00,2026-09-17 13:51:00+00:00,2026-09-17 14:06:00+00:00,long,6.0,4369.615,4374.615,29.16,tp1
2026-09-17 13:48:00+00:00,2026-09-17 13:51:00+00:00,2026-09-17 14:09:00+00:00,long,4.0,4369.615,4374.380744885486,18.502979541944516,stop
2026-09-18 02:48:00+00:00,2026-09-18 02:51:00+00:00,2026-09-18 02:54:00+00:00,long,6.0,4354.975,4350.614627282693,-27.00223630384593,stop
2026-09-18 02:48:00+00:00,2026-09-18 02:51:00+00:00,2026-09-18 02:54:00+00:00,long,4.0,4354.975,4350.614627282693,-18.00149086923062,stop
2026-09-18 05:39:00+00:00,2026-09-18 05:42:00+00:00,2026-09-18 05:42:00+00:00,long,6.0,4372.195,4377.265,29.58000000000371,tp1
2026-09-18 05:39:00+00:00,2026-09-18 05:42:00+00:00,2026-09-18 05:45:00+00:00,long,4.0,4372.195,4375.784139643373,13.796558573494112,stop
2026-09-20 23:45:00+00:00,2026-09-20 23:48:00+00:00,2026-09-20 23:51:00+00:00,short,6.0,4369.135,4371.778013777378,-16.698082664266476,stop
2026-09-20 23:45:00+00:00,2026-09-20 23:48:00+00:00,2026-09-20 23:51:00+00:00,short,4.0,4369.135,4371.778013777378,-11.132055109510985,stop
2026-09-21 00:12:00+00:00,2026-09-21 00:15:00+00:00,2026-09-21 00:18:00+00:00,short,6.0,4364.395,4358.985,31.620000000004584,tp1
2026-09-21 00:12:00+00:00,2026-09-21 00:15:00+00:00,2026-09-21 00:21:00+00:00,short,4.0,4364.395,4360.599246102471,14.623015590118884,stop
2026-09-22 05:21:00+00:00,2026-09-22 05:24:00+00:00,2026-09-22 05:24:00+00:00,short,6.0,4332.815,4327.695,29.879999999999345,tp1
2026-09-22 05:21:00+00:00,2026-09-22 05:24:00+00:00,2026-09-22 05:24:00+00:00,short,4.0,4332.815,4324.45203150491,32.89187398035705,tp2
2026-09-23 05:33:00+00:00,2026-09-23 05:36:00+00:00,2026-09-23 05:42:00+00:00,short,6.0,4337.185,4332.175,29.22000000000131,tp1
2026-09-23 05:33:00+00:00,2026-09-23 05:36:00+00:00,2026-09-23 05:42:00+00:00,short,4.0,4337.185,4332.142740922068,19.609036311730453,tp2
2026-09-23 13:33:00+00:00,2026-09-23 13:36:00+00:00,2026-09-23 13:42:00+00:00,short,6.0,4300.185,4295.195,29.100000000004147,tp1
2026-09-23 13:33:00+00:00,2026-09-23 13:36:00+00:00,2026-09-23 13:42:00+00:00,short,4.0,4300.185,4288.641626221329,45.61349511468637,tp2
2026-09-23 23:33:00+00:00,2026-09-23 23:36:00+00:00,2026-09-23 23:45:00+00:00,short,6.0,4285.465,4287.885698955187,-15.364193731120249,stop
2026-09-23 23:33:00+00:00,2026-09-23 23:36:00+00:00,2026-09-23 23:45:00+00:00,short,4.0,4285.465,4287.885698955187,-10.242795820746833,stop
2026-09-24 00:57:00+00:00,2026-09-24 01:00:00+00:00,2026-09-24 01:00:00+00:00,long,6.0,4298.175,4294.493372385332,-22.92976568800972,stop
2026-09-24 00:57:00+00:00,2026-09-24 01:00:00+00:00,2026-09-24 01:00:00+00:00,long,4.0,4298.175,4294.493372385332,-15.286510458673147,stop
2026-09-24 05:42:00+00:00,2026-09-24 05:45:00+00:00,2026-09-24 05:45:00+00:00,short,6.0,4280.755,4285.039771257524,-26.548627545143827,stop
2026-09-24 05:42:00+00:00,2026-09-24 05:45:00+00:00,2026-09-24 05:45:00+00:00,short,4.0,4280.755,4285.039771257524,-17.699085030095883,stop
2026-09-24 08:18:00+00:00,2026-09-24 08:21:00+00:00,2026-09-24 08:24:00+00:00,short,6.0,4269.985,4265.055,28.73999999999629,tp1
2026-09-24 08:18:00+00:00,2026-09-24 08:21:00+00:00,2026-09-24 08:27:00+00:00,short,4.0,4269.985,4264.729123058506,20.4635077659745,stop
2026-09-24 18:27:00+00:00,2026-09-24 18:30:00+00:00,2026-09-24 18:33:00+00:00,long,6.0,4274.095,4272.265,-11.819999999999563,stop
2026-09-24 18:27:00+00:00,2026-09-24 18:30:00+00:00,2026-09-24 18:33:00+00:00,long,4.0,4274.095,4272.265,-7.8799999999997095,stop
2026-09-25 04:51:00+00:00,2026-09-25 04:54:00+00:00,2026-09-25 05:00:00+00:00,short,6.0,4267.285,4262.065,30.480000000001528,tp1
2026-09-25 04:51:00+00:00,2026-09-25 04:54:00+00:00,2026-09-25 05:00:00+00:00,short,4.0,4267.285,4261.251544074873,23.573823700507493,tp2
2026-09-25 06:18:00+00:00,2026-09-25 06:21:00+00:00,2026-09-25 06:27:00+00:00,long,6.0,4279.145,4274.418222045033,-29.200667729804845,stop
2026-09-25 06:18:00+00:00,2026-09-25 06:21:00+00:00,2026-09-25 06:27:00+00:00,long,4.0,4279.145,4274.418222045033,-19.467111819869896,stop
2026-09-25 09:33:00+00:00,2026-09-25 09:36:00+00:00,2026-09-25 09:42:00+00:00,long,6.0,4296.735,4292.060303186176,-28.888180882944507,stop
2026-09-25 09:33:00+00:00,2026-09-25 09:36:00+00:00,2026-09-25 09:42:00+00:00,long,4.0,4296.735,4292.060303186176,-19.258787255296337,stop
2026-09-27 22:33:00+00:00,2026-09-27 22:36:00+00:00,2026-09-27 22:57:00+00:00,short,6.0,4262.695,4257.555,29.999999999996508,tp1
2026-09-27 22:33:00+00:00,2026-09-27 22:36:00+00:00,2026-09-27 23:00:00+00:00,short,4.0,4262.695,4258.644301566415,15.64279373433732,stop
